Aa en Hunze,Drenthe
Aalburg,North Brabant
Aalsmeer,North Holland
Aalten,Gelderland
Achtkarspelen,Friesland
Alblasserdam,South Holland
Albrandswaard,South Holland
Alkmaar,North Holland
Almelo,Overijssel
Almere,Flevoland
Alphen aan den Rijn,South Holland
Alphen-Chaam,North Brabant
Ameland,Friesland
Amersfoort,Utrecht
Amstelveen,North Holland
Amsterdam,North Holland
Apeldoorn,Gelderland
Appingedam,Groningen
Arnhem,Gelderland
Assen,Drenthe
Asten,North Brabant
Baarle-Nassau,North Brabant
Baarn,Utrecht
Barendrecht,South Holland
Barneveld,Gelderland
Bedum,Groningen
Beek,Limburg
Beemster,North Holland
Beesel,Limburg
Bellingwedde,Groningen
Berg en Dal,Gelderland
Bergeijk,North Brabant
Bergen (LI),Limburg
Bergen (NH),North Holland
Bergen op Zoom,North Brabant
Berkelland,Gelderland
Bernheze,North Brabant
Best,North Brabant
Beuningen,Gelderland
Beverwijk,North Holland
het Bildt,Friesland
De Bilt,Utrecht
Binnenmaas,South Holland
Bladel,North Brabant
Blaricum,North Holland
Bloemendaal,North Holland
Bodegraven-Reeuwijk,South Holland
Boekel,North Brabant
Ten Boer,Groningen
Borger-Odoorn,Drenthe
Borne,Overijssel
Borsele,Zeeland
Boxmeer,North Brabant
Boxtel,North Brabant
Breda,North Brabant
Brielle,South Holland
Bronckhorst,Gelderland
Brummen,Gelderland
Brunssum,Limburg
Bunnik,Utrecht
Bunschoten,Utrecht
Buren,Gelderland
Capelle aan den IJssel,South Holland
Castricum,North Holland
Coevorden,Drenthe
Cranendonck,North Brabant
Cromstrijen,South Holland
Cuijk,North Brabant
Culemborg,Gelderland
Dalfsen,Overijssel
Dantumadiel,Friesland
Delft,South Holland
Delfzijl,Groningen
Deurne,North Brabant
Deventer,Overijssel
Diemen,North Holland
Dinkelland,Overijssel
Doesburg,Gelderland
Doetinchem,Gelderland
Dongen,North Brabant
Dongeradeel,Friesland
Dordrecht,South Holland
Drechterland,North Holland
Drimmelen,North Brabant
Dronten,Flevoland
Druten,Gelderland
Duiven,Gelderland
Echt-Susteren,Limburg
Edam-Volendam,North Holland
Ede,Gelderland
Eemnes,Utrecht
Eemsmond,Groningen
Eersel,North Brabant
Eijsden-Margraten,Limburg
Eindhoven,North Brabant
Elburg,Gelderland
Emmen,Drenthe
Enkhuizen,North Holland
Enschede,Overijssel
Epe,Gelderland
Ermelo,Gelderland
Etten-Leur,North Brabant
Ferwerderadiel,Friesland
Franekeradeel,Friesland
De Fryske Marren,Friesland
Geertruidenberg,North Brabant
Geldermalsen,Gelderland
Geldrop-Mierlo,North Brabant
Gemert-Bakel,North Brabant
Gennep,Limburg
Giessenlanden,South Holland
Gilze en Rijen,North Brabant
Goeree-Overflakkee,South Holland
Goes,Zeeland
Goirle,North Brabant
Gooise Meren,North Holland
Gorinchem,South Holland
Gouda,South Holland
Grave,North Brabant
The Hague,South Holland
Groningen,Groningen
Grootegast,Groningen
Gulpen-Wittem,Limburg
Haaksbergen,Overijssel
Haaren,North Brabant
Haarlem,North Holland
Haarlemmerliede en Spaarnwoude,North Holland
Haarlemmermeer,North Holland
Halderberge,North Brabant
Hardenberg,Overijssel
Harderwijk,Gelderland
Hardinxveld-Giessendam,South Holland
Haren,Groningen
Harlingen,Friesland
Hattem,Gelderland
Heemskerk,North Holland
Heemstede,North Holland
Heerde,Gelderland
Heerenveen,Friesland
Heerhugowaard,North Holland
Heerlen,Limburg
Heeze-Leende,North Brabant
Heiloo,North Holland
Den Helder,North Holland
Hellendoorn,Overijssel
Hellevoetsluis,South Holland
Helmond,North Brabant
Hendrik-Ido-Ambacht,South Holland
Hengelo,Overijssel
's-Hertogenbosch,North Brabant
Heumen,Gelderland
Heusden,North Brabant
Hillegom,South Holland
Hilvarenbeek,North Brabant
Hilversum,North Holland
Hof van Twente,Overijssel
Hollands Kroon,North Holland
Hoogeveen,Drenthe
Hoogezand-Sappemeer,Groningen
Hoorn,North Holland
Horst aan de Maas,Limburg
Houten,Utrecht
Huizen,North Holland
Hulst,Zeeland
IJsselstein,Utrecht
Kaag en Braassem,South Holland
Kampen,Overijssel
Kapelle,Zeeland
Katwijk,South Holland
Kerkrade,Limburg
Koggenland,North Holland
Kollumerland en Nieuwkruisland,Friesland
Korendijk,South Holland
Krimpen aan den IJssel,South Holland
Krimpenerwaard,South Holland
Laarbeek,North Brabant
Landerd,North Brabant
Landgraaf,Limburg
Landsmeer,North Holland
Langedijk,North Holland
Lansingerland,South Holland
Laren,North Holland
Leek,Groningen
Leerdam,South Holland
Leeuwarden,Friesland
Leeuwarderadeel,Friesland
Leiden,South Holland
Leiderdorp,South Holland
Leidschendam-Voorburg,South Holland
Lelystad,Flevoland
Leudal,Limburg
Leusden,Utrecht
Lingewaal,Gelderland
Lingewaard,Gelderland
Lisse,South Holland
Littenseradiel,Friesland
Lochem,Gelderland
Loon op Zand,North Brabant
Lopik,Utrecht
Loppersum,Groningen
Losser,Overijssel
Maasdriel,Gelderland
Maasgouw,Limburg
Maassluis,South Holland
Maastricht,Limburg
De Marne,Groningen
Marum,Groningen
Medemblik,North Holland
Meerssen,Limburg
Menameradiel,Friesland
Menterwolde,Groningen
Meppel,Drenthe
Middelburg,Zeeland
Midden-Delfland,South Holland
Midden-Drenthe,Drenthe
Mill en Sint Hubert,North Brabant
Moerdijk,North Brabant
Molenwaard,South Holland
Montferland,Gelderland
Montfoort,Utrecht
Mook en Middelaar,Limburg
Neder-Betuwe,Gelderland
Nederweert,Limburg
Neerijnen,Gelderland
Nieuwegein,Utrecht
Nieuwkoop,South Holland
Nijkerk,Gelderland
Nijmegen,Gelderland
Nissewaard,South Holland
Noord-Beveland,Zeeland
Noordenveld,Drenthe
Noordoostpolder,Flevoland
Noordwijk,South Holland
Noordwijkerhout,South Holland
"Nuenen, Gerwen en Nederwetten",North Brabant
Nunspeet,Gelderland
Nuth,Limburg
Oegstgeest,South Holland
Oirschot,North Brabant
Oisterwijk,North Brabant
Oldambt,Groningen
Oldebroek,Gelderland
Oldenzaal,Overijssel
Olst-Wijhe,Overijssel
Ommen,Overijssel
Onderbanken,Limburg
Oost Gelre,Gelderland
Oosterhout,North Brabant
Ooststellingwerf,Friesland
Oostzaan,North Holland
Opmeer,North Holland
Opsterland,Friesland
Oss,North Brabant
Oud-Beijerland,South Holland
Oude IJsselstreek,Gelderland
Ouder-Amstel,North Holland
Oudewater,Utrecht
Overbetuwe,Gelderland
Papendrecht,South Holland
Peel en Maas,Limburg
Pekela,Groningen
Pijnacker-Nootdorp,South Holland
Purmerend,North Holland
Putten,Gelderland
Raalte,Overijssel
Reimerswaal,Zeeland
Renkum,Gelderland
Renswoude,Utrecht
Reusel-De Mierden,North Brabant
Rheden,Gelderland
Rhenen,Utrecht
Ridderkerk,South Holland
Rijnwaarden,Gelderland
Rijssen-Holten,Overijssel
Rijswijk,South Holland
Roerdalen,Limburg
Roermond,Limburg
De Ronde Venen,Utrecht
Roosendaal,North Brabant
Rotterdam,South Holland
Rozendaal,Gelderland
Rucphen,North Brabant
Schagen,North Holland
Scherpenzeel,Gelderland
Schiedam,South Holland
Schiermonnikoog,Friesland
Schijndel,North Brabant
Schinnen,Limburg
Schouwen-Duiveland,Zeeland
Simpelveld,Limburg
Sint Anthonis,North Brabant
Sint-Michielsgestel,North Brabant
Sint-Oedenrode,North Brabant
Sittard-Geleen,Limburg
Sliedrecht,South Holland
Slochteren,Groningen
Sluis,Zeeland
Smallingerland,Friesland
Soest,Utrecht
Someren,North Brabant
Son en Breugel,North Brabant
Stadskanaal,Groningen
Staphorst,Overijssel
Stede Broec,North Holland
Steenbergen,North Brabant
Steenwijkerland,Overijssel
Stein,Limburg
Stichtse Vecht,Utrecht
Strijen,South Holland
Súdwest-Fryslân,Friesland
Terneuzen,Zeeland
Terschelling,Friesland
Texel,North Holland
Teylingen,South Holland
Tholen,Zeeland
Tiel,Gelderland
Tilburg,North Brabant
Tubbergen,Overijssel
Twenterand,Overijssel
Tynaarlo,Drenthe
Tytsjerksteradiel,Friesland
Uden,North Brabant
Uitgeest,North Holland
Uithoorn,North Holland
Urk,Flevoland
Utrecht,Utrecht
Utrechtse Heuvelrug,Utrecht
Vaals,Limburg
Valkenburg aan de Geul,Limburg
Valkenswaard,North Brabant
Veendam,Groningen
Veenendaal,Utrecht
Veere,Zeeland
Veghel,North Brabant
Veldhoven,North Brabant
Velsen,North Holland
Venlo,Limburg
Venray,Limburg
Vianen,Utrecht
Vlaardingen,South Holland
Vlagtwedde,Groningen
Vlieland,Friesland
Vlissingen,Zeeland
Voerendaal,Limburg
Voorschoten,South Holland
Voorst,Gelderland
Vught,North Brabant
Waalre,North Brabant
Waalwijk,North Brabant
Waddinxveen,South Holland
Wageningen,Gelderland
Wassenaar,South Holland
Waterland,North Holland
Weert,Limburg
Weesp,North Holland
Werkendam,North Brabant
West Maas en Waal,Gelderland
Westerveld,Drenthe
Westervoort,Gelderland
Westland,South Holland
Weststellingwerf,Friesland
Westvoorne,South Holland
Wierden,Overijssel
Wijchen,Gelderland
Wijdemeren,North Holland
Wijk bij Duurstede,Utrecht
Winsum,Groningen
Winterswijk,Gelderland
Woensdrecht,North Brabant
Woerden,Utrecht
De Wolden,Drenthe
Wormerland,North Holland
Woudenberg,Utrecht
Woudrichem,North Brabant
Zaanstad,North Holland
Zaltbommel,Gelderland
Zandvoort,North Holland
Zederik,South Holland
Zeewolde,Flevoland
Zeist,Utrecht
Zevenaar,Gelderland
Zoetermeer,South Holland
Zoeterwoude,South Holland
Zuidhorn,Groningen
Zuidplas,South Holland
Zundert,North Brabant
Zutphen,Gelderland
Zwartewaterland,Overijssel
Zwijndrecht,South Holland
Zwolle,Overijssel
